<?xml version="1.0" encoding="UTF-8" standalone="yes"?>
<w:document xmlns:wpc="http://schemas.microsoft.com/office/word/2010/wordprocessingCanvas" xmlns:cx="http://schemas.microsoft.com/office/drawing/2014/chartex" xmlns:cx1="http://schemas.microsoft.com/office/drawing/2015/9/8/chartex" xmlns:cx2="http://schemas.microsoft.com/office/drawing/2015/10/21/chartex" xmlns:cx3="http://schemas.microsoft.com/office/drawing/2016/5/9/chartex" xmlns:cx4="http://schemas.microsoft.com/office/drawing/2016/5/10/chartex" xmlns:cx5="http://schemas.microsoft.com/office/drawing/2016/5/11/chartex" xmlns:cx6="http://schemas.microsoft.com/office/drawing/2016/5/12/chartex" xmlns:cx7="http://schemas.microsoft.com/office/drawing/2016/5/13/chartex" xmlns:cx8="http://schemas.microsoft.com/office/drawing/2016/5/14/chartex" xmlns:mc="http://schemas.openxmlformats.org/markup-compatibility/2006" xmlns:aink="http://schemas.microsoft.com/office/drawing/2016/ink" xmlns:am3d="http://schemas.microsoft.com/office/drawing/2017/model3d" xmlns:o="urn:schemas-microsoft-com:office:office" xmlns:oel="http://schemas.microsoft.com/office/2019/extlst" xmlns:r="http://schemas.openxmlformats.org/officeDocument/2006/relationships" xmlns:m="http://schemas.openxmlformats.org/officeDocument/2006/math" xmlns:v="urn:schemas-microsoft-com:vml" xmlns:wp14="http://schemas.microsoft.com/office/word/2010/wordprocessingDrawing" xmlns:wp="http://schemas.openxmlformats.org/drawingml/2006/wordprocessingDrawing" xmlns:w10="urn:schemas-microsoft-com:office:word" xmlns:w="http://schemas.openxmlformats.org/wordprocessingml/2006/main" xmlns:w14="http://schemas.microsoft.com/office/word/2010/wordml" xmlns:w15="http://schemas.microsoft.com/office/word/2012/wordml" xmlns:w16cex="http://schemas.microsoft.com/office/word/2018/wordml/cex" xmlns:w16cid="http://schemas.microsoft.com/office/word/2016/wordml/cid" xmlns:w16="http://schemas.microsoft.com/office/word/2018/wordml" xmlns:w16du="http://schemas.microsoft.com/office/word/2023/wordml/word16du" xmlns:w16sdtdh="http://schemas.microsoft.com/office/word/2020/wordml/sdtdatahash" xmlns:w16sdtfl="http://schemas.microsoft.com/office/word/2024/wordml/sdtformatlock" xmlns:w16se="http://schemas.microsoft.com/office/word/2015/wordml/symex" xmlns:wpg="http://schemas.microsoft.com/office/word/2010/wordprocessingGroup" xmlns:wpi="http://schemas.microsoft.com/office/word/2010/wordprocessingInk" xmlns:wne="http://schemas.microsoft.com/office/word/2006/wordml" xmlns:wps="http://schemas.microsoft.com/office/word/2010/wordprocessingShape" mc:Ignorable="w14 w15 w16se w16cid w16 w16cex w16sdtdh w16sdtfl w16du wp14"><w:body><w:p w14:paraId="3BFCD620" w14:textId="7D8809C1" w:rsidR="0027304E" w:rsidRDefault="00AE77E4"><w:pPr><w:rPr><w:rFonts w:eastAsiaTheme="minorEastAsia"/></w:rPr></w:pPr><w:r><w:t xml:space="preserve">Câu 1: </w:t></w:r><w:r w:rsidR="00A70625"><w:t>Đây là công thức toán học</w:t></w:r><w:r w:rsidR="008A66E2"><w:t xml:space="preserve"> 1:</w:t></w:r><w:r w:rsidR="00A70625"><w:t xml:space="preserve"> </w:t></w:r><m:oMath><m:sSup><m:sSupPr><m:ctrlPr><w:rPr><w:rFonts w:ascii="Cambria Math" w:hAnsi="Cambria Math"/></w:rPr></m:ctrlPr></m:sSupPr><m:e><m:r><w:rPr><w:rFonts w:ascii="Cambria Math" w:hAnsi="Cambria Math"/></w:rPr><m:t>a</m:t></m:r></m:e><m:sup><m:r><w:rPr><w:rFonts w:ascii="Cambria Math" w:hAnsi="Cambria Math"/></w:rPr><m:t>2</m:t></m:r></m:sup></m:sSup><m:r><w:rPr><w:rFonts w:ascii="Cambria Math" w:hAnsi="Cambria Math"/></w:rPr><m:t>+</m:t></m:r><m:sSup><m:sSupPr><m:ctrlPr><w:rPr><w:rFonts w:ascii="Cambria Math" w:hAnsi="Cambria Math"/></w:rPr></m:ctrlPr></m:sSupPr><m:e><m:r><w:rPr><w:rFonts w:ascii="Cambria Math" w:hAnsi="Cambria Math"/></w:rPr><m:t>b</m:t></m:r></m:e><m:sup><m:r><w:rPr><w:rFonts w:ascii="Cambria Math" w:hAnsi="Cambria Math"/></w:rPr><m:t>2</m:t></m:r></m:sup></m:sSup><m:r><w:rPr><w:rFonts w:ascii="Cambria Math" w:hAnsi="Cambria Math"/></w:rPr><m:t>=</m:t></m:r><m:sSup><m:sSupPr><m:ctrlPr><w:rPr><w:rFonts w:ascii="Cambria Math" w:hAnsi="Cambria Math"/></w:rPr></m:ctrlPr></m:sSupPr><m:e><m:r><w:rPr><w:rFonts w:ascii="Cambria Math" w:hAnsi="Cambria Math"/></w:rPr><m:t>c</m:t></m:r></m:e><m:sup><m:r><w:rPr><w:rFonts w:ascii="Cambria Math" w:hAnsi="Cambria Math"/></w:rPr><m:t>2</m:t></m:r></m:sup></m:sSup></m:oMath></w:p><w:p w14:paraId="25C954E4" w14:textId="3B23E37E" w:rsidR="00B11E81" w:rsidRDefault="00B11E81"><w:pPr><w:rPr><w:rFonts w:eastAsiaTheme="minorEastAsia"/></w:rPr></w:pPr><w:r><w:rPr><w:noProof/></w:rPr><w:drawing><wp:inline distT="0" distB="0" distL="0" distR="0" wp14:anchorId="6ADB2858" wp14:editId="46A811F1"><wp:extent cx="4622800" cy="592500"/><wp:effectExtent l="19050" t="19050" r="25400" b="17145"/><wp:docPr id="69497463" name="Picture 1" descr="A black text on a white background&#xA;&#xA;AI-generated content may be incorrect."/><wp:cNvGraphicFramePr><a:graphicFrameLocks xmlns:a="http://schemas.openxmlformats.org/drawingml/2006/main" noChangeAspect="1"/></wp:cNvGraphicFramePr><a:graphic xmlns:a="http://schemas.openxmlformats.org/drawingml/2006/main"><a:graphicData uri="http://schemas.openxmlformats.org/drawingml/2006/picture"><pic:pic xmlns:pic="http://schemas.openxmlformats.org/drawingml/2006/picture"><pic:nvPicPr><pic:cNvPr id="69497463" name="Picture 1" descr="A black text on a white background&#xA;&#xA;AI-generated content may be incorrect."/><pic:cNvPicPr/></pic:nvPicPr><pic:blipFill><a:blip r:embed="rId4"/><a:stretch><a:fillRect/></a:stretch></pic:blipFill><pic:spPr><a:xfrm><a:off x="0" y="0"/><a:ext cx="4625984" cy="592908"/></a:xfrm><a:prstGeom prst="rect"><a:avLst/></a:prstGeom><a:ln><a:solidFill><a:schemeClr val="accent2"/></a:solidFill></a:ln></pic:spPr></pic:pic></a:graphicData></a:graphic></wp:inline></w:drawing></w:r></w:p><w:p w14:paraId="38BE57F0" w14:textId="44D8E5ED" w:rsidR="00AE77E4" w:rsidRPr="00AE77E4" w:rsidRDefault="00AE77E4"><w:pPr><w:rPr><w:rFonts w:eastAsiaTheme="minorEastAsia"/></w:rPr></w:pPr><w:r w:rsidRPr="00AE77E4"><w:rPr><w:rFonts w:eastAsiaTheme="minorEastAsia"/></w:rPr><w:t>A. 1</w:t></w:r><w:r w:rsidRPr="00AE77E4"><w:rPr><w:rFonts w:eastAsiaTheme="minorEastAsia"/></w:rPr><w:tab/><w:t>B. 2</w:t></w:r><w:r w:rsidRPr="00AE77E4"><w:rPr><w:rFonts w:eastAsiaTheme="minorEastAsia"/></w:rPr><w:tab/><w:t>C. 3</w:t></w:r><w:r w:rsidRPr="00AE77E4"><w:rPr><w:rFonts w:eastAsiaTheme="minorEastAsia"/></w:rPr><w:tab/><w:t>D.4</w:t></w:r></w:p><w:p w14:paraId="3D1ED0D1" w14:textId="6520C101" w:rsidR="00A70625" w:rsidRPr="00AE77E4" w:rsidRDefault="00AE77E4"><w:pPr><w:rPr><w:rFonts w:eastAsiaTheme="minorEastAsia"/></w:rPr></w:pPr><w:r><w:t xml:space="preserve">Câu 1: </w:t></w:r><w:r w:rsidR="00A70625" w:rsidRPr="00AE77E4"><w:rPr><w:rFonts w:eastAsiaTheme="minorEastAsia"/></w:rPr><w:t>Đây là lũy thừa</w:t></w:r><w:r w:rsidR="008A66E2" w:rsidRPr="00AE77E4"><w:rPr><w:rFonts w:eastAsiaTheme="minorEastAsia"/></w:rPr><w:t xml:space="preserve"> 2:</w:t></w:r><w:r w:rsidR="00A70625" w:rsidRPr="00AE77E4"><w:rPr><w:rFonts w:eastAsiaTheme="minorEastAsia"/></w:rPr><w:t xml:space="preserve"> </w:t></w:r><m:oMath><m:sSup><m:sSupPr><m:ctrlPr><w:rPr><w:rFonts w:ascii="Cambria Math" w:eastAsiaTheme="minorEastAsia" w:hAnsi="Cambria Math"/><w:i/><w:lang w:val="fr-FR"/></w:rPr></m:ctrlPr></m:sSupPr><m:e><m:r><w:rPr><w:rFonts w:ascii="Cambria Math" w:eastAsiaTheme="minorEastAsia" w:hAnsi="Cambria Math"/></w:rPr><m:t>x</m:t></m:r><m:ctrlPr><w:rPr><w:rFonts w:ascii="Cambria Math" w:eastAsiaTheme="minorEastAsia" w:hAnsi="Cambria Math"/><w:i/></w:rPr></m:ctrlPr></m:e><m:sup><m:r><w:rPr><w:rFonts w:ascii="Cambria Math" w:eastAsiaTheme="minorEastAsia" w:hAnsi="Cambria Math"/></w:rPr><m:t>2</m:t></m:r></m:sup></m:sSup></m:oMath></w:p><w:p w14:paraId="2C52949E" w14:textId="77777777" w:rsidR="00AE77E4" w:rsidRPr="00AE77E4" w:rsidRDefault="00AE77E4" w:rsidP="00AE77E4"><w:pPr><w:rPr><w:rFonts w:eastAsiaTheme="minorEastAsia"/><w:lang w:val="fr-FR"/></w:rPr></w:pPr><w:r w:rsidRPr="00AE77E4"><w:rPr><w:rFonts w:eastAsiaTheme="minorEastAsia"/><w:lang w:val="fr-FR"/></w:rPr><w:t>A. 1</w:t></w:r><w:r w:rsidRPr="00AE77E4"><w:rPr><w:rFonts w:eastAsiaTheme="minorEastAsia"/><w:lang w:val="fr-FR"/></w:rPr><w:tab/><w:t>B. 2</w:t></w:r><w:r><w:rPr><w:rFonts w:eastAsiaTheme="minorEastAsia"/><w:lang w:val="fr-FR"/></w:rPr><w:tab/><w:t>C. 3</w:t></w:r><w:r><w:rPr><w:rFonts w:eastAsiaTheme="minorEastAsia"/><w:lang w:val="fr-FR"/></w:rPr><w:tab/><w:t>D.4</w:t></w:r></w:p><w:p w14:paraId="5DA60F52" w14:textId="3499369B" w:rsidR="00BB1F0A" w:rsidRDefault="00AE77E4"><w:pPr><w:rPr><w:rFonts w:eastAsiaTheme="minorEastAsia"/><w:lang w:val="fr-FR"/></w:rPr></w:pPr><w:r w:rsidRPr="00AE77E4"><w:rPr><w:lang w:val="fr-FR"/></w:rPr><w:t xml:space="preserve">Câu 1: </w:t></w:r><w:r w:rsidR="00BB1F0A"><w:rPr><w:rFonts w:eastAsiaTheme="minorEastAsia"/><w:lang w:val="fr-FR"/></w:rPr><w:t>Đây là sub</w:t></w:r><w:r w:rsidR="008A66E2"><w:rPr><w:rFonts w:eastAsiaTheme="minorEastAsia"/><w:lang w:val="fr-FR"/></w:rPr><w:t xml:space="preserve"> 3</w:t></w:r><w:r w:rsidR="00BB1F0A"><w:rPr><w:rFonts w:eastAsiaTheme="minorEastAsia"/><w:lang w:val="fr-FR"/></w:rPr><w:t xml:space="preserve">: </w:t></w:r><m:oMath><m:sSub><m:sSubPr><m:ctrlPr><w:rPr><w:rFonts w:ascii="Cambria Math" w:eastAsiaTheme="minorEastAsia" w:hAnsi="Cambria Math"/><w:i/><w:lang w:val="fr-FR"/></w:rPr></m:ctrlPr></m:sSubPr><m:e><m:r><w:rPr><w:rFonts w:ascii="Cambria Math" w:eastAsiaTheme="minorEastAsia" w:hAnsi="Cambria Math"/><w:lang w:val="fr-FR"/></w:rPr><m:t>x</m:t></m:r></m:e><m:sub><m:r><w:rPr><w:rFonts w:ascii="Cambria Math" w:eastAsiaTheme="minorEastAsia" w:hAnsi="Cambria Math"/><w:lang w:val="fr-FR"/></w:rPr><m:t>2</m:t></m:r></m:sub></m:sSub></m:oMath></w:p><w:p w14:paraId="1DDF97BC" w14:textId="77777777" w:rsidR="00AE77E4" w:rsidRPr="00AE77E4" w:rsidRDefault="00AE77E4" w:rsidP="00AE77E4"><w:pPr><w:rPr><w:rFonts w:eastAsiaTheme="minorEastAsia"/><w:lang w:val="fr-FR"/></w:rPr></w:pPr><w:r w:rsidRPr="00AE77E4"><w:rPr><w:rFonts w:eastAsiaTheme="minorEastAsia"/><w:lang w:val="fr-FR"/></w:rPr><w:t>A. 1</w:t></w:r><w:r w:rsidRPr="00AE77E4"><w:rPr><w:rFonts w:eastAsiaTheme="minorEastAsia"/><w:lang w:val="fr-FR"/></w:rPr><w:tab/><w:t>B. 2</w:t></w:r><w:r><w:rPr><w:rFonts w:eastAsiaTheme="minorEastAsia"/><w:lang w:val="fr-FR"/></w:rPr><w:tab/><w:t>C. 3</w:t></w:r><w:r><w:rPr><w:rFonts w:eastAsiaTheme="minorEastAsia"/><w:lang w:val="fr-FR"/></w:rPr><w:tab/><w:t>D.4</w:t></w:r></w:p><w:p w14:paraId="71A3C92F" w14:textId="74D099B8" w:rsidR="00EC6986" w:rsidRDefault="00AE77E4"><w:pPr><w:rPr><w:rFonts w:eastAsiaTheme="minorEastAsia"/><w:lang w:val="fr-FR"/></w:rPr></w:pPr><w:r w:rsidRPr="00AE77E4"><w:rPr><w:lang w:val="fr-FR"/></w:rPr><w:t xml:space="preserve">Câu 1: </w:t></w:r><w:r w:rsidR="00EC6986"><w:rPr><w:rFonts w:eastAsiaTheme="minorEastAsia"/><w:lang w:val="fr-FR"/></w:rPr><w:t>Đây là ps</w:t></w:r><w:r w:rsidR="008A66E2"><w:rPr><w:rFonts w:eastAsiaTheme="minorEastAsia"/><w:lang w:val="fr-FR"/></w:rPr><w:t xml:space="preserve"> 4</w:t></w:r><w:r w:rsidR="00EC6986"><w:rPr><w:rFonts w:eastAsiaTheme="minorEastAsia"/><w:lang w:val="fr-FR"/></w:rPr><w:t xml:space="preserve">: </w:t></w:r><m:oMath><m:r><w:rPr><w:rFonts w:ascii="Cambria Math" w:eastAsiaTheme="minorEastAsia" w:hAnsi="Cambria Math" w:cs="Cambria Math"/><w:lang w:val="fr-FR"/></w:rPr><m:t>x</m:t></m:r><m:r><m:rPr><m:sty m:val="p"/></m:rPr><w:rPr><w:rFonts w:ascii="Cambria Math" w:eastAsiaTheme="minorEastAsia" w:hAnsi="Cambria Math" w:cs="Cambria Math"/><w:lang w:val="fr-FR"/></w:rPr><m:t>=</m:t></m:r><m:f><m:fPr><m:ctrlPr><w:rPr><w:rFonts w:ascii="Cambria Math" w:eastAsiaTheme="minorEastAsia" w:hAnsi="Cambria Math"/><w:lang w:val="fr-FR"/></w:rPr></m:ctrlPr></m:fPr><m:num><m:r><m:rPr><m:sty m:val="p"/></m:rPr><w:rPr><w:rFonts w:ascii="Cambria Math" w:eastAsiaTheme="minorEastAsia" w:hAnsi="Cambria Math" w:cs="Cambria Math"/><w:lang w:val="fr-FR"/></w:rPr><m:t>-</m:t></m:r><m:r><w:rPr><w:rFonts w:ascii="Cambria Math" w:eastAsiaTheme="minorEastAsia" w:hAnsi="Cambria Math" w:cs="Cambria Math"/><w:lang w:val="fr-FR"/></w:rPr><m:t>b</m:t></m:r><m:r><m:rPr><m:sty m:val="p"/></m:rPr><w:rPr><w:rFonts w:ascii="Cambria Math" w:eastAsiaTheme="minorEastAsia" w:hAnsi="Cambria Math" w:cs="Cambria Math"/><w:lang w:val="fr-FR"/></w:rPr><m:t>±</m:t></m:r><m:rad><m:radPr><m:degHide m:val="1"/><m:ctrlPr><w:rPr><w:rFonts w:ascii="Cambria Math" w:eastAsiaTheme="minorEastAsia" w:hAnsi="Cambria Math"/><w:lang w:val="fr-FR"/></w:rPr></m:ctrlPr></m:radPr><m:deg/><m:e><m:sSup><m:sSupPr><m:ctrlPr><w:rPr><w:rFonts w:ascii="Cambria Math" w:eastAsiaTheme="minorEastAsia" w:hAnsi="Cambria Math"/><w:lang w:val="fr-FR"/></w:rPr></m:ctrlPr></m:sSupPr><m:e><m:r><w:rPr><w:rFonts w:ascii="Cambria Math" w:eastAsiaTheme="minorEastAsia" w:hAnsi="Cambria Math" w:cs="Cambria Math"/><w:lang w:val="fr-FR"/></w:rPr><m:t>b</m:t></m:r></m:e><m:sup><m:r><m:rPr><m:sty m:val="p"/></m:rPr><w:rPr><w:rFonts w:ascii="Cambria Math" w:eastAsiaTheme="minorEastAsia" w:hAnsi="Cambria Math" w:cs="Cambria Math"/><w:lang w:val="fr-FR"/></w:rPr><m:t>2</m:t></m:r></m:sup></m:sSup><m:r><m:rPr><m:sty m:val="p"/></m:rPr><w:rPr><w:rFonts w:ascii="Cambria Math" w:eastAsiaTheme="minorEastAsia" w:hAnsi="Cambria Math" w:cs="Cambria Math"/><w:lang w:val="fr-FR"/></w:rPr><m:t>-4</m:t></m:r><m:r><w:rPr><w:rFonts w:ascii="Cambria Math" w:eastAsiaTheme="minorEastAsia" w:hAnsi="Cambria Math" w:cs="Cambria Math"/><w:lang w:val="fr-FR"/></w:rPr><m:t>ac</m:t></m:r></m:e></m:rad></m:num><m:den><m:r><m:rPr><m:sty m:val="p"/></m:rPr><w:rPr><w:rFonts w:ascii="Cambria Math" w:eastAsiaTheme="minorEastAsia" w:hAnsi="Cambria Math" w:cs="Cambria Math"/><w:lang w:val="fr-FR"/></w:rPr><m:t>2</m:t></m:r><m:r><w:rPr><w:rFonts w:ascii="Cambria Math" w:eastAsiaTheme="minorEastAsia" w:hAnsi="Cambria Math" w:cs="Cambria Math"/><w:lang w:val="fr-FR"/></w:rPr><m:t>a</m:t></m:r></m:den></m:f></m:oMath></w:p><w:p w14:paraId="235B8581" w14:textId="091D68EE" w:rsidR="00B11E81" w:rsidRDefault="00B11E81"><w:pPr><w:rPr><w:rFonts w:eastAsiaTheme="minorEastAsia"/><w:lang w:val="fr-FR"/></w:rPr></w:pPr><w:r><w:rPr><w:noProof/></w:rPr><w:drawing><wp:inline distT="0" distB="0" distL="0" distR="0" wp14:anchorId="484F1561" wp14:editId="1CF3F671"><wp:extent cx="4622800" cy="592500"/><wp:effectExtent l="19050" t="19050" r="25400" b="17145"/><wp:docPr id="282941254" name="Picture 1" descr="A black text on a white background&#xA;&#xA;AI-generated content may be incorrect."/><wp:cNvGraphicFramePr><a:graphicFrameLocks xmlns:a="http://schemas.openxmlformats.org/drawingml/2006/main" noChangeAspect="1"/></wp:cNvGraphicFramePr><a:graphic xmlns:a="http://schemas.openxmlformats.org/drawingml/2006/main"><a:graphicData uri="http://schemas.openxmlformats.org/drawingml/2006/picture"><pic:pic xmlns:pic="http://schemas.openxmlformats.org/drawingml/2006/picture"><pic:nvPicPr><pic:cNvPr id="69497463" name="Picture 1" descr="A black text on a white background&#xA;&#xA;AI-generated content may be incorrect."/><pic:cNvPicPr/></pic:nvPicPr><pic:blipFill><a:blip r:embed="rId4"/><a:stretch><a:fillRect/></a:stretch></pic:blipFill><pic:spPr><a:xfrm><a:off x="0" y="0"/><a:ext cx="4625984" cy="592908"/></a:xfrm><a:prstGeom prst="rect"><a:avLst/></a:prstGeom><a:ln><a:solidFill><a:schemeClr val="accent2"/></a:solidFill></a:ln></pic:spPr></pic:pic></a:graphicData></a:graphic></wp:inline></w:drawing></w:r></w:p><w:p w14:paraId="3A893B24" w14:textId="77777777" w:rsidR="00AE77E4" w:rsidRPr="00AE77E4" w:rsidRDefault="00AE77E4" w:rsidP="00AE77E4"><w:pPr><w:rPr><w:rFonts w:eastAsiaTheme="minorEastAsia"/><w:lang w:val="fr-FR"/></w:rPr></w:pPr><w:r w:rsidRPr="00AE77E4"><w:rPr><w:rFonts w:eastAsiaTheme="minorEastAsia"/><w:lang w:val="fr-FR"/></w:rPr><w:t>A. 1</w:t></w:r><w:r w:rsidRPr="00AE77E4"><w:rPr><w:rFonts w:eastAsiaTheme="minorEastAsia"/><w:lang w:val="fr-FR"/></w:rPr><w:tab/><w:t>B. 2</w:t></w:r><w:r><w:rPr><w:rFonts w:eastAsiaTheme="minorEastAsia"/><w:lang w:val="fr-FR"/></w:rPr><w:tab/><w:t>C. 3</w:t></w:r><w:r><w:rPr><w:rFonts w:eastAsiaTheme="minorEastAsia"/><w:lang w:val="fr-FR"/></w:rPr><w:tab/><w:t>D.4</w:t></w:r></w:p><w:p w14:paraId="4BEDCA94" w14:textId="01A617A4" w:rsidR="00FB13CB" w:rsidRPr="00EC317E" w:rsidRDefault="00AE77E4"><w:pPr><w:rPr><w:rFonts w:eastAsiaTheme="minorEastAsia"/><w:lang w:val="fr-FR"/></w:rPr></w:pPr><w:r w:rsidRPr="00AE77E4"><w:rPr><w:lang w:val="fr-FR"/></w:rPr><w:t xml:space="preserve">Câu 1: </w:t></w:r><w:r w:rsidR="006F427D"><w:rPr><w:rFonts w:eastAsiaTheme="minorEastAsia"/><w:lang w:val="fr-FR"/></w:rPr><w:t>Đây là tích phân</w:t></w:r><w:r w:rsidR="008A66E2"><w:rPr><w:rFonts w:eastAsiaTheme="minorEastAsia"/><w:lang w:val="fr-FR"/></w:rPr><w:t xml:space="preserve"> 5: </w:t></w:r><m:oMath><m:f><m:fPr><m:ctrlPr><w:rPr><w:rFonts w:ascii="Cambria Math" w:hAnsi="Cambria Math"/><w:i/></w:rPr></m:ctrlPr></m:fPr><m:num><m:r><w:rPr><w:rFonts w:ascii="Cambria Math" w:hAnsi="Cambria Math"/><w:lang w:val="fr-FR"/></w:rPr><m:t>1</m:t></m:r></m:num><m:den><m:r><w:rPr><w:rFonts w:ascii="Cambria Math" w:hAnsi="Cambria Math"/><w:lang w:val="fr-FR"/></w:rPr><m:t>2</m:t></m:r><m:r><w:rPr><w:rFonts w:ascii="Cambria Math" w:hAnsi="Cambria Math" w:cs="Cambria Math" w:hint="cs"/><w:cs/><w:lang w:bidi="en-US"/></w:rPr><m:t>π</m:t></m:r><m:ctrlPr><w:rPr><w:rFonts w:ascii="Cambria Math" w:hAnsi="Cambria Math" w:cs="Cambria Math" w:hint="cs"/><w:i/><w:cs/><w:lang w:bidi="en-US"/></w:rPr></m:ctrlPr></m:den></m:f><m:nary><m:naryPr><m:ctrlPr><w:rPr><w:rFonts w:ascii="Cambria Math" w:hAnsi="Cambria Math"/><w:i/></w:rPr></m:ctrlPr></m:naryPr><m:sub><m:r><w:rPr><w:rFonts w:ascii="Cambria Math" w:hAnsi="Cambria Math"/><w:lang w:val="fr-FR"/></w:rPr><m:t>0</m:t></m:r></m:sub><m:sup><m:r><w:rPr><w:rFonts w:ascii="Cambria Math" w:hAnsi="Cambria Math"/><w:lang w:val="fr-FR"/></w:rPr><m:t>2</m:t></m:r><m:r><w:rPr><w:rFonts w:ascii="Cambria Math" w:hAnsi="Cambria Math" w:cs="Cambria Math" w:hint="cs"/><w:cs/><w:lang w:bidi="en-US"/></w:rPr><m:t>π</m:t></m:r></m:sup><m:e><m:f><m:fPr><m:ctrlPr><w:rPr><w:rFonts w:ascii="Cambria Math" w:hAnsi="Cambria Math"/><w:i/></w:rPr></m:ctrlPr></m:fPr><m:num><m:r><w:rPr><w:rFonts w:ascii="Cambria Math" w:hAnsi="Cambria Math"/><w:lang w:val="fr-FR"/></w:rPr><m:t>ⅆ</m:t></m:r><m:r><w:rPr><w:rFonts w:ascii="Cambria Math" w:hAnsi="Cambria Math" w:cs="Cambria Math" w:hint="cs"/><w:cs/><w:lang w:bidi="en-US"/></w:rPr><m:t>θ</m:t></m:r><m:ctrlPr><w:rPr><w:rFonts w:ascii="Cambria Math" w:hAnsi="Cambria Math" w:cs="Cambria Math" w:hint="cs"/><w:i/><w:cs/><w:lang w:bidi="en-US"/></w:rPr></m:ctrlPr></m:num><m:den><m:r><w:rPr><w:rFonts w:ascii="Cambria Math" w:hAnsi="Cambria Math" w:cs="Cambria Math" w:hint="cs"/><w:cs/><w:lang w:bidi="en-US"/></w:rPr><m:t>a</m:t></m:r><m:r><w:rPr><w:rFonts w:ascii="Cambria Math" w:hAnsi="Cambria Math"/><w:lang w:val="fr-FR"/></w:rPr><m:t>+</m:t></m:r><m:r><w:rPr><w:rFonts w:ascii="Cambria Math" w:hAnsi="Cambria Math" w:cs="Cambria Math" w:hint="cs"/><w:cs/><w:lang w:bidi="en-US"/></w:rPr><m:t>b</m:t></m:r><m:func><m:funcPr><m:ctrlPr><w:rPr><w:rFonts w:ascii="Cambria Math" w:hAnsi="Cambria Math" w:cs="Cambria Math"/><w:lang w:bidi="en-US"/></w:rPr></m:ctrlPr></m:funcPr><m:fName><m:r><m:rPr><m:sty m:val="p"/></m:rPr><w:rPr><w:rFonts w:ascii="Cambria Math" w:hAnsi="Cambria Math" w:cs="Cambria Math"/><w:lang w:val="fr-FR" w:bidi="en-US"/></w:rPr><m:t>sin</m:t></m:r></m:fName><m:e><m:r><w:rPr><w:rFonts w:ascii="Cambria Math" w:hAnsi="Cambria Math" w:cs="Cambria Math" w:hint="cs"/><w:cs/><w:lang w:bidi="en-US"/></w:rPr><m:t>θ</m:t></m:r><m:ctrlPr><w:rPr><w:rFonts w:ascii="Cambria Math" w:hAnsi="Cambria Math" w:cs="Cambria Math" w:hint="cs"/><w:i/><w:cs/><w:lang w:bidi="en-US"/></w:rPr></m:ctrlPr></m:e></m:func></m:den></m:f><m:ctrlPr><w:rPr><w:rFonts w:ascii="Cambria Math" w:hAnsi="Cambria Math"/><w:i/><w:lang w:bidi="en-US"/></w:rPr></m:ctrlPr></m:e></m:nary><m:r><w:rPr><w:rFonts w:ascii="Cambria Math" w:hAnsi="Cambria Math"/><w:lang w:val="fr-FR"/></w:rPr><m:t>=</m:t></m:r><m:f><m:fPr><m:ctrlPr><w:rPr><w:rFonts w:ascii="Cambria Math" w:hAnsi="Cambria Math"/><w:i/></w:rPr></m:ctrlPr></m:fPr><m:num><m:r><w:rPr><w:rFonts w:ascii="Cambria Math" w:hAnsi="Cambria Math"/><w:lang w:val="fr-FR"/></w:rPr><m:t>1</m:t></m:r></m:num><m:den><m:rad><m:radPr><m:degHide m:val="1"/><m:ctrlPr><w:rPr><w:rFonts w:ascii="Cambria Math" w:hAnsi="Cambria Math"/><w:i/></w:rPr></m:ctrlPr></m:radPr><m:deg/><m:e><m:sSup><m:sSupPr><m:ctrlPr><w:rPr><w:rFonts w:ascii="Cambria Math" w:hAnsi="Cambria Math"/><w:i/></w:rPr></m:ctrlPr></m:sSupPr><m:e><m:r><w:rPr><w:rFonts w:ascii="Cambria Math" w:hAnsi="Cambria Math" w:cs="Cambria Math" w:hint="cs"/><w:cs/><w:lang w:bidi="en-US"/></w:rPr><m:t>a</m:t></m:r><m:ctrlPr><w:rPr><w:rFonts w:ascii="Cambria Math" w:hAnsi="Cambria Math" w:cs="Cambria Math" w:hint="cs"/><w:i/><w:cs/><w:lang w:bidi="en-US"/></w:rPr></m:ctrlPr></m:e><m:sup><m:r><w:rPr><w:rFonts w:ascii="Cambria Math" w:hAnsi="Cambria Math"/><w:lang w:val="fr-FR"/></w:rPr><m:t>2</m:t></m:r></m:sup></m:sSup><m:r><w:rPr><w:rFonts w:ascii="Cambria Math" w:hAnsi="Cambria Math"/><w:lang w:val="fr-FR"/></w:rPr><m:t>-</m:t></m:r><m:sSup><m:sSupPr><m:ctrlPr><w:rPr><w:rFonts w:ascii="Cambria Math" w:hAnsi="Cambria Math"/><w:i/></w:rPr></m:ctrlPr></m:sSupPr><m:e><m:r><w:rPr><w:rFonts w:ascii="Cambria Math" w:hAnsi="Cambria Math" w:cs="Cambria Math" w:hint="cs"/><w:cs/><w:lang w:bidi="en-US"/></w:rPr><m:t>b</m:t></m:r><m:ctrlPr><w:rPr><w:rFonts w:ascii="Cambria Math" w:hAnsi="Cambria Math" w:cs="Cambria Math" w:hint="cs"/><w:i/><w:cs/><w:lang w:bidi="en-US"/></w:rPr></m:ctrlPr></m:e><m:sup><m:r><w:rPr><w:rFonts w:ascii="Cambria Math" w:hAnsi="Cambria Math"/><w:lang w:val="fr-FR"/></w:rPr><m:t>2</m:t></m:r></m:sup></m:sSup></m:e></m:rad></m:den></m:f></m:oMath></w:p><w:p w14:paraId="7012606C" w14:textId="77777777" w:rsidR="00AE77E4" w:rsidRPr="00AE77E4" w:rsidRDefault="00AE77E4" w:rsidP="00AE77E4"><w:pPr><w:rPr><w:rFonts w:eastAsiaTheme="minorEastAsia"/><w:lang w:val="fr-FR"/></w:rPr></w:pPr><w:r w:rsidRPr="00AE77E4"><w:rPr><w:rFonts w:eastAsiaTheme="minorEastAsia"/><w:lang w:val="fr-FR"/></w:rPr><w:t>A. 1</w:t></w:r><w:r w:rsidRPr="00AE77E4"><w:rPr><w:rFonts w:eastAsiaTheme="minorEastAsia"/><w:lang w:val="fr-FR"/></w:rPr><w:tab/><w:t>B. 2</w:t></w:r><w:r><w:rPr><w:rFonts w:eastAsiaTheme="minorEastAsia"/><w:lang w:val="fr-FR"/></w:rPr><w:tab/><w:t>C. 3</w:t></w:r><w:r><w:rPr><w:rFonts w:eastAsiaTheme="minorEastAsia"/><w:lang w:val="fr-FR"/></w:rPr><w:tab/><w:t>D.4</w:t></w:r></w:p><w:p w14:paraId="72C04372" w14:textId="5BE5A25A" w:rsidR="00EC317E" w:rsidRDefault="00AE77E4"><w:pPr><w:rPr><w:rFonts w:eastAsiaTheme="minorEastAsia"/><w:lang w:val="fr-FR"/></w:rPr></w:pPr><w:r w:rsidRPr="00AE77E4"><w:rPr><w:lang w:val="fr-FR"/></w:rPr><w:t xml:space="preserve">Câu 1: </w:t></w:r><w:r w:rsidR="00EC317E"><w:rPr><w:rFonts w:eastAsiaTheme="minorEastAsia"/><w:lang w:val="fr-FR"/></w:rPr><w:t>Đây là tổng</w:t></w:r><w:r w:rsidR="008A66E2"><w:rPr><w:rFonts w:eastAsiaTheme="minorEastAsia"/><w:lang w:val="fr-FR"/></w:rPr><w:t xml:space="preserve"> 6</w:t></w:r><w:r w:rsidR="00EC317E"><w:rPr><w:rFonts w:eastAsiaTheme="minorEastAsia"/><w:lang w:val="fr-FR"/></w:rPr><w:t xml:space="preserve">: </w:t></w:r><m:oMath><m:sSup><m:sSupPr><m:ctrlPr><w:rPr><w:rFonts w:ascii="Cambria Math" w:eastAsiaTheme="minorEastAsia" w:hAnsi="Cambria Math"/><w:lang w:val="fr-FR"/></w:rPr></m:ctrlPr></m:sSupPr><m:e><m:d><m:dPr><m:ctrlPr><w:rPr><w:rFonts w:ascii="Cambria Math" w:eastAsiaTheme="minorEastAsia" w:hAnsi="Cambria Math"/><w:lang w:val="fr-FR"/></w:rPr></m:ctrlPr></m:dPr><m:e><m:r><w:rPr><w:rFonts w:ascii="Cambria Math" w:eastAsiaTheme="minorEastAsia" w:hAnsi="Cambria Math"/><w:lang w:val="fr-FR"/></w:rPr><m:t>x+a</m:t></m:r></m:e></m:d></m:e><m:sup><m:r><w:rPr><w:rFonts w:ascii="Cambria Math" w:eastAsiaTheme="minorEastAsia" w:hAnsi="Cambria Math"/><w:lang w:val="fr-FR"/></w:rPr><m:t>n</m:t></m:r></m:sup></m:sSup><m:r><w:rPr><w:rFonts w:ascii="Cambria Math" w:eastAsia="Cambria Math" w:hAnsi="Cambria Math" w:cs="Cambria Math"/><w:lang w:val="fr-FR"/></w:rPr><m:t>+1+</m:t></m:r><m:sSup><m:sSupPr><m:ctrlPr><w:rPr><w:rFonts w:ascii="Cambria Math" w:eastAsia="Cambria Math" w:hAnsi="Cambria Math" w:cs="Cambria Math"/><w:i/><w:lang w:val="fr-FR"/></w:rPr></m:ctrlPr></m:sSupPr><m:e><m:r><w:rPr><w:rFonts w:ascii="Cambria Math" w:eastAsia="Cambria Math" w:hAnsi="Cambria Math" w:cs="Cambria Math"/><w:lang w:val="fr-FR"/></w:rPr><m:t>k</m:t></m:r></m:e><m:sup><m:r><w:rPr><w:rFonts w:ascii="Cambria Math" w:eastAsia="Cambria Math" w:hAnsi="Cambria Math" w:cs="Cambria Math"/><w:lang w:val="fr-FR"/></w:rPr><m:t>n</m:t></m:r></m:sup></m:sSup><m:r><w:rPr><w:rFonts w:ascii="Cambria Math" w:eastAsia="Cambria Math" w:hAnsi="Cambria Math" w:cs="Cambria Math"/><w:lang w:val="fr-FR"/></w:rPr><m:t>=</m:t></m:r><m:nary><m:naryPr><m:chr m:val="∑"/><m:grow m:val="1"/><m:ctrlPr><w:rPr><w:rFonts w:ascii="Cambria Math" w:eastAsiaTheme="minorEastAsia" w:hAnsi="Cambria Math"/><w:lang w:val="fr-FR"/></w:rPr></m:ctrlPr></m:naryPr><m:sub><m:r><w:rPr><w:rFonts w:ascii="Cambria Math" w:eastAsia="Cambria Math" w:hAnsi="Cambria Math" w:cs="Cambria Math"/><w:lang w:val="fr-FR"/></w:rPr><m:t>k=0</m:t></m:r></m:sub><m:sup><m:r><w:rPr><w:rFonts w:ascii="Cambria Math" w:eastAsia="Cambria Math" w:hAnsi="Cambria Math" w:cs="Cambria Math"/><w:lang w:val="fr-FR"/></w:rPr><m:t>n</m:t></m:r></m:sup><m:e><m:d><m:dPr><m:ctrlPr><w:rPr><w:rFonts w:ascii="Cambria Math" w:eastAsiaTheme="minorEastAsia" w:hAnsi="Cambria Math"/><w:lang w:val="fr-FR"/></w:rPr></m:ctrlPr></m:dPr><m:e><m:f><m:fPr><m:type m:val="noBar"/><m:ctrlPr><w:rPr><w:rFonts w:ascii="Cambria Math" w:eastAsiaTheme="minorEastAsia" w:hAnsi="Cambria Math"/><w:lang w:val="fr-FR"/></w:rPr></m:ctrlPr></m:fPr><m:num><m:r><w:rPr><w:rFonts w:ascii="Cambria Math" w:eastAsia="Cambria Math" w:hAnsi="Cambria Math" w:cs="Cambria Math"/><w:lang w:val="fr-FR"/></w:rPr><m:t>n</m:t></m:r></m:num><m:den><m:r><w:rPr><w:rFonts w:ascii="Cambria Math" w:eastAsia="Cambria Math" w:hAnsi="Cambria Math" w:cs="Cambria Math"/><w:lang w:val="fr-FR"/></w:rPr><m:t>k</m:t></m:r></m:den></m:f></m:e></m:d><m:sSup><m:sSupPr><m:ctrlPr><w:rPr><w:rFonts w:ascii="Cambria Math" w:eastAsiaTheme="minorEastAsia" w:hAnsi="Cambria Math"/><w:lang w:val="fr-FR"/></w:rPr></m:ctrlPr></m:sSupPr><m:e><m:r><w:rPr><w:rFonts w:ascii="Cambria Math" w:eastAsia="Cambria Math" w:hAnsi="Cambria Math" w:cs="Cambria Math"/><w:lang w:val="fr-FR"/></w:rPr><m:t>x</m:t></m:r></m:e><m:sup><m:r><w:rPr><w:rFonts w:ascii="Cambria Math" w:eastAsia="Cambria Math" w:hAnsi="Cambria Math" w:cs="Cambria Math"/><w:lang w:val="fr-FR"/></w:rPr><m:t>k</m:t></m:r></m:sup></m:sSup><m:sSup><m:sSupPr><m:ctrlPr><w:rPr><w:rFonts w:ascii="Cambria Math" w:eastAsiaTheme="minorEastAsia" w:hAnsi="Cambria Math"/><w:lang w:val="fr-FR"/></w:rPr></m:ctrlPr></m:sSupPr><m:e><m:r><w:rPr><w:rFonts w:ascii="Cambria Math" w:eastAsia="Cambria Math" w:hAnsi="Cambria Math" w:cs="Cambria Math"/><w:lang w:val="fr-FR"/></w:rPr><m:t>a</m:t></m:r></m:e><m:sup><m:r><w:rPr><w:rFonts w:ascii="Cambria Math" w:eastAsia="Cambria Math" w:hAnsi="Cambria Math" w:cs="Cambria Math"/><w:lang w:val="fr-FR"/></w:rPr><m:t>n-k</m:t></m:r></m:sup></m:sSup></m:e></m:nary></m:oMath></w:p><w:p w14:paraId="784715B5" w14:textId="77777777" w:rsidR="00AE77E4" w:rsidRPr="00AE77E4" w:rsidRDefault="00AE77E4" w:rsidP="00AE77E4"><w:pPr><w:rPr><w:rFonts w:eastAsiaTheme="minorEastAsia"/></w:rPr></w:pPr><w:r w:rsidRPr="00AE77E4"><w:rPr><w:rFonts w:eastAsiaTheme="minorEastAsia"/></w:rPr><w:t>A. 1</w:t></w:r><w:r w:rsidRPr="00AE77E4"><w:rPr><w:rFonts w:eastAsiaTheme="minorEastAsia"/></w:rPr><w:tab/><w:t>B. 2</w:t></w:r><w:r w:rsidRPr="00AE77E4"><w:rPr><w:rFonts w:eastAsiaTheme="minorEastAsia"/></w:rPr><w:tab/><w:t>C. 3</w:t></w:r><w:r w:rsidRPr="00AE77E4"><w:rPr><w:rFonts w:eastAsiaTheme="minorEastAsia"/></w:rPr><w:tab/><w:t>D.4</w:t></w:r></w:p><w:p w14:paraId="7F51DEAD" w14:textId="1392443F" w:rsidR="008C5FCE" w:rsidRPr="007B2BE7" w:rsidRDefault="00AE77E4"><w:pPr><w:rPr><w:rFonts w:eastAsiaTheme="minorEastAsia"/></w:rPr></w:pPr><w:r><w:t xml:space="preserve">Câu 1: </w:t></w:r><w:r w:rsidR="008C5FCE" w:rsidRPr="008C5FCE"><w:rPr><w:rFonts w:eastAsiaTheme="minorEastAsia"/></w:rPr><w:t xml:space="preserve">Công thức </w:t></w:r><w:r w:rsidR="008A66E2"><w:rPr><w:rFonts w:eastAsiaTheme="minorEastAsia"/></w:rPr><w:t>7</w:t></w:r><w:r w:rsidR="008C5FCE" w:rsidRPr="008C5FCE"><w:rPr><w:rFonts w:eastAsiaTheme="minorEastAsia"/></w:rPr><w:t xml:space="preserve">: </w:t></w:r><m:oMath><m:r><w:rPr><w:rFonts w:ascii="Cambria Math" w:eastAsiaTheme="minorEastAsia" w:hAnsi="Cambria Math"/><w:lang w:val="fr-FR"/></w:rPr><m:t>f</m:t></m:r><m:d><m:dPr><m:ctrlPr><w:rPr><w:rFonts w:ascii="Cambria Math" w:eastAsiaTheme="minorEastAsia" w:hAnsi="Cambria Math"/><w:lang w:val="fr-FR"/></w:rPr></m:ctrlPr></m:dPr><m:e><m:r><w:rPr><w:rFonts w:ascii="Cambria Math" w:eastAsiaTheme="minorEastAsia" w:hAnsi="Cambria Math"/><w:lang w:val="fr-FR"/></w:rPr><m:t>f</m:t></m:r><m:r><w:rPr><w:rFonts w:ascii="Cambria Math" w:eastAsiaTheme="minorEastAsia" w:hAnsi="Cambria Math"/></w:rPr><m:t>(</m:t></m:r><m:r><w:rPr><w:rFonts w:ascii="Cambria Math" w:eastAsiaTheme="minorEastAsia" w:hAnsi="Cambria Math"/><w:lang w:val="fr-FR"/></w:rPr><m:t>x</m:t></m:r></m:e></m:d><m:r><w:rPr><w:rFonts w:ascii="Cambria Math" w:eastAsiaTheme="minorEastAsia" w:hAnsi="Cambria Math"/></w:rPr><m:t>+g(x))=</m:t></m:r><m:sSub><m:sSubPr><m:ctrlPr><w:rPr><w:rFonts w:ascii="Cambria Math" w:eastAsiaTheme="minorEastAsia" w:hAnsi="Cambria Math"/><w:lang w:val="fr-FR"/></w:rPr></m:ctrlPr></m:sSubPr><m:e><m:r><w:rPr><w:rFonts w:ascii="Cambria Math" w:eastAsiaTheme="minorEastAsia" w:hAnsi="Cambria Math"/><w:lang w:val="fr-FR"/></w:rPr><m:t>a</m:t></m:r></m:e><m:sub><m:r><w:rPr><w:rFonts w:ascii="Cambria Math" w:eastAsiaTheme="minorEastAsia" w:hAnsi="Cambria Math"/></w:rPr><m:t>0</m:t></m:r></m:sub></m:sSub><m:r><w:rPr><w:rFonts w:ascii="Cambria Math" w:eastAsiaTheme="minorEastAsia" w:hAnsi="Cambria Math"/></w:rPr><m:t>+</m:t></m:r><m:nary><m:naryPr><m:chr m:val="∑"/><m:grow m:val="1"/><m:ctrlPr><w:rPr><w:rFonts w:ascii="Cambria Math" w:eastAsiaTheme="minorEastAsia" w:hAnsi="Cambria Math"/><w:lang w:val="fr-FR"/></w:rPr></m:ctrlPr></m:naryPr><m:sub><m:r><w:rPr><w:rFonts w:ascii="Cambria Math" w:eastAsiaTheme="minorEastAsia" w:hAnsi="Cambria Math"/><w:lang w:val="fr-FR"/></w:rPr><m:t>n</m:t></m:r><m:r><w:rPr><w:rFonts w:ascii="Cambria Math" w:eastAsiaTheme="minorEastAsia" w:hAnsi="Cambria Math"/></w:rPr><m:t>=1</m:t></m:r></m:sub><m:sup><m:r><w:rPr><w:rFonts w:ascii="Cambria Math" w:eastAsiaTheme="minorEastAsia" w:hAnsi="Cambria Math"/></w:rPr><m:t>∞</m:t></m:r></m:sup><m:e><m:sSub><m:sSubPr><m:ctrlPr><w:rPr><w:rFonts w:ascii="Cambria Math" w:eastAsiaTheme="minorEastAsia" w:hAnsi="Cambria Math"/><w:i/><w:lang w:val="fr-FR"/></w:rPr></m:ctrlPr></m:sSubPr><m:e><m:r><w:rPr><w:rFonts w:ascii="Cambria Math" w:eastAsiaTheme="minorEastAsia" w:hAnsi="Cambria Math"/><w:lang w:val="fr-FR"/></w:rPr><m:t>a</m:t></m:r></m:e><m:sub><m:r><w:rPr><w:rFonts w:ascii="Cambria Math" w:eastAsiaTheme="minorEastAsia" w:hAnsi="Cambria Math"/><w:lang w:val="fr-FR"/></w:rPr><m:t>n</m:t></m:r></m:sub></m:sSub></m:e></m:nary></m:oMath></w:p><w:p w14:paraId="275691DF" w14:textId="3F26DAA0" w:rsidR="00B11E81" w:rsidRPr="00D10DF1" w:rsidRDefault="00B11E81"><w:pPr><w:rPr><w:rFonts w:eastAsiaTheme="minorEastAsia"/></w:rPr></w:pPr><w:r><w:rPr><w:noProof/></w:rPr><w:drawing><wp:inline distT="0" distB="0" distL="0" distR="0" wp14:anchorId="509DF1F5" wp14:editId="565828EE"><wp:extent cx="4622800" cy="592500"/><wp:effectExtent l="19050" t="19050" r="25400" b="17145"/><wp:docPr id="298287214" name="Picture 1" descr="A black text on a white background&#xA;&#xA;AI-generated content may be incorrect."/><wp:cNvGraphicFramePr><a:graphicFrameLocks xmlns:a="http://schemas.openxmlformats.org/drawingml/2006/main" noChangeAspect="1"/></wp:cNvGraphicFramePr><a:graphic xmlns:a="http://schemas.openxmlformats.org/drawingml/2006/main"><a:graphicData uri="http://schemas.openxmlformats.org/drawingml/2006/picture"><pic:pic xmlns:pic="http://schemas.openxmlformats.org/drawingml/2006/picture"><pic:nvPicPr><pic:cNvPr id="69497463" name="Picture 1" descr="A black text on a white background&#xA;&#xA;AI-generated content may be incorrect."/><pic:cNvPicPr/></pic:nvPicPr><pic:blipFill><a:blip r:embed="rId4"/><a:stretch><a:fillRect/></a:stretch></pic:blipFill><pic:spPr><a:xfrm><a:off x="0" y="0"/><a:ext cx="4625984" cy="592908"/></a:xfrm><a:prstGeom prst="rect"><a:avLst/></a:prstGeom><a:ln><a:solidFill><a:schemeClr val="accent2"/></a:solidFill></a:ln></pic:spPr></pic:pic></a:graphicData></a:graphic></wp:inline></w:drawing></w:r></w:p><w:p w14:paraId="12B8D8D2" w14:textId="77777777" w:rsidR="007B2BE7" w:rsidRDefault="00AE77E4" w:rsidP="00AE77E4"><w:pPr><w:rPr><w:rFonts w:eastAsiaTheme="minorEastAsia"/></w:rPr></w:pPr><w:r w:rsidRPr="00AE77E4"><w:rPr><w:rFonts w:eastAsiaTheme="minorEastAsia"/></w:rPr><w:t>A. 1</w:t></w:r><w:r w:rsidRPr="00AE77E4"><w:rPr><w:rFonts w:eastAsiaTheme="minorEastAsia"/></w:rPr><w:tab/><w:t>B. 2</w:t></w:r><w:r w:rsidRPr="00AE77E4"><w:rPr><w:rFonts w:eastAsiaTheme="minorEastAsia"/></w:rPr><w:tab/></w:r></w:p><w:p w14:paraId="02F165DB" w14:textId="2A5B7C35" w:rsidR="00AE77E4" w:rsidRPr="00AE77E4" w:rsidRDefault="00AE77E4" w:rsidP="00AE77E4"><w:pPr><w:rPr><w:rFonts w:eastAsiaTheme="minorEastAsia"/></w:rPr></w:pPr><w:r w:rsidRPr="00AE77E4"><w:rPr><w:rFonts w:eastAsiaTheme="minorEastAsia"/></w:rPr><w:t>C. 3</w:t></w:r><w:r w:rsidRPr="00AE77E4"><w:rPr><w:rFonts w:eastAsiaTheme="minorEastAsia"/></w:rPr><w:tab/><w:t>D.4</w:t></w:r></w:p><w:p w14:paraId="3E6D8E91" w14:textId="6D50D2E4" w:rsidR="00D10DF1" w:rsidRPr="00D10DF1" w:rsidRDefault="00AE77E4"><w:r><w:t xml:space="preserve">Câu 1: </w:t></w:r><w:r w:rsidR="00D10DF1"><w:rPr><w:rFonts w:eastAsiaTheme="minorEastAsia"/></w:rPr><w:t xml:space="preserve">Công thức </w:t></w:r><w:r w:rsidR="008A66E2"><w:rPr><w:rFonts w:eastAsiaTheme="minorEastAsia"/></w:rPr><w:t>8</w:t></w:r><w:r w:rsidR="00D10DF1"><w:rPr><w:rFonts w:eastAsiaTheme="minorEastAsia"/></w:rPr><w:t xml:space="preserve">: </w:t></w:r><m:oMath><m:nary><m:naryPr><m:chr m:val="∑"/><m:grow m:val="1"/><m:ctrlPr><w:rPr><w:rFonts w:ascii="Cambria Math" w:eastAsiaTheme="minorEastAsia" w:hAnsi="Cambria Math"/></w:rPr></m:ctrlPr></m:naryPr><m:sub><m:r><w:rPr><w:rFonts w:ascii="Cambria Math" w:eastAsia="Cambria Math" w:hAnsi="Cambria Math" w:cs="Cambria Math"/></w:rPr><m:t>k=0</m:t></m:r></m:sub><m:sup><m:r><w:rPr><w:rFonts w:ascii="Cambria Math" w:eastAsia="Cambria Math" w:hAnsi="Cambria Math" w:cs="Cambria Math"/></w:rPr><m:t>n</m:t></m:r></m:sup><m:e><m:r><w:rPr><w:rFonts w:ascii="Cambria Math" w:eastAsiaTheme="minorEastAsia" w:hAnsi="Cambria Math"/></w:rPr><m:t>(</m:t></m:r><m:sSub><m:sSubPr><m:ctrlPr><w:rPr><w:rFonts w:ascii="Cambria Math" w:eastAsiaTheme="minorEastAsia" w:hAnsi="Cambria Math"/><w:i/></w:rPr></m:ctrlPr></m:sSubPr><m:e><m:r><w:rPr><w:rFonts w:ascii="Cambria Math" w:eastAsiaTheme="minorEastAsia" w:hAnsi="Cambria Math"/></w:rPr><m:t>a</m:t></m:r></m:e><m:sub><m:r><w:rPr><w:rFonts w:ascii="Cambria Math" w:eastAsiaTheme="minorEastAsia" w:hAnsi="Cambria Math"/></w:rPr><m:t>k</m:t></m:r></m:sub></m:sSub><m:r><w:rPr><w:rFonts w:ascii="Cambria Math" w:eastAsiaTheme="minorEastAsia" w:hAnsi="Cambria Math"/></w:rPr><m:t>+</m:t></m:r><m:sSub><m:sSubPr><m:ctrlPr><w:rPr><w:rFonts w:ascii="Cambria Math" w:eastAsiaTheme="minorEastAsia" w:hAnsi="Cambria Math"/><w:i/></w:rPr></m:ctrlPr></m:sSubPr><m:e><m:r><w:rPr><w:rFonts w:ascii="Cambria Math" w:eastAsiaTheme="minorEastAsia" w:hAnsi="Cambria Math"/></w:rPr><m:t>b</m:t></m:r></m:e><m:sub><m:r><w:rPr><w:rFonts w:ascii="Cambria Math" w:eastAsiaTheme="minorEastAsia" w:hAnsi="Cambria Math"/></w:rPr><m:t>k</m:t></m:r></m:sub></m:sSub><m:r><w:rPr><w:rFonts w:ascii="Cambria Math" w:eastAsiaTheme="minorEastAsia" w:hAnsi="Cambria Math"/></w:rPr><m:t>)</m:t></m:r></m:e></m:nary></m:oMath></w:p><w:p w14:paraId="5AFDAA34" w14:textId="77777777" w:rsidR="007B2BE7" w:rsidRDefault="00AE77E4" w:rsidP="00AE77E4"><w:pPr><w:rPr><w:rFonts w:eastAsiaTheme="minorEastAsia"/></w:rPr></w:pPr><w:r w:rsidRPr="00AE77E4"><w:rPr><w:rFonts w:eastAsiaTheme="minorEastAsia"/></w:rPr><w:t>A. 1</w:t></w:r><w:r w:rsidRPr="00AE77E4"><w:rPr><w:rFonts w:eastAsiaTheme="minorEastAsia"/></w:rPr><w:tab/></w:r></w:p><w:p w14:paraId="0F39EAC8" w14:textId="77777777" w:rsidR="007B2BE7" w:rsidRDefault="00AE77E4" w:rsidP="00AE77E4"><w:pPr><w:rPr><w:rFonts w:eastAsiaTheme="minorEastAsia"/></w:rPr></w:pPr><w:r w:rsidRPr="00AE77E4"><w:rPr><w:rFonts w:eastAsiaTheme="minorEastAsia"/></w:rPr><w:t>B. 2</w:t></w:r><w:r w:rsidRPr="00AE77E4"><w:rPr><w:rFonts w:eastAsiaTheme="minorEastAsia"/></w:rPr><w:tab/></w:r></w:p><w:p w14:paraId="1CF8CD25" w14:textId="77777777" w:rsidR="007B2BE7" w:rsidRDefault="00AE77E4" w:rsidP="00AE77E4"><w:pPr><w:rPr><w:rFonts w:eastAsiaTheme="minorEastAsia"/></w:rPr></w:pPr><w:r w:rsidRPr="00AE77E4"><w:rPr><w:rFonts w:eastAsiaTheme="minorEastAsia"/></w:rPr><w:t>C. 3</w:t></w:r><w:r w:rsidRPr="00AE77E4"><w:rPr><w:rFonts w:eastAsiaTheme="minorEastAsia"/></w:rPr><w:tab/></w:r></w:p><w:p w14:paraId="1DBF70D6" w14:textId="3BF0B912" w:rsidR="00AE77E4" w:rsidRPr="00AE77E4" w:rsidRDefault="00AE77E4" w:rsidP="00AE77E4"><w:pPr><w:rPr><w:rFonts w:eastAsiaTheme="minorEastAsia"/></w:rPr></w:pPr><w:r w:rsidRPr="00AE77E4"><w:rPr><w:rFonts w:eastAsiaTheme="minorEastAsia"/></w:rPr><w:t>D.4</w:t></w:r></w:p><w:p w14:paraId="209F77DE" w14:textId="50B762E6" w:rsidR="006F427D" w:rsidRDefault="00AE77E4"><w:pPr><w:rPr><w:rFonts w:eastAsiaTheme="minorEastAsia"/></w:rPr></w:pPr><w:r><w:lastRenderedPageBreak/><w:t xml:space="preserve">Câu 1: </w:t></w:r><w:r w:rsidR="00460F17"><w:t xml:space="preserve">Công thức 9: </w:t></w:r><m:oMath><m:r><w:rPr><w:rFonts w:ascii="Cambria Math" w:hAnsi="Cambria Math"/></w:rPr><m:t>f</m:t></m:r><m:d><m:dPr><m:ctrlPr><w:rPr><w:rFonts w:ascii="Cambria Math" w:hAnsi="Cambria Math"/><w:i/></w:rPr></m:ctrlPr></m:dPr><m:e><m:r><w:rPr><w:rFonts w:ascii="Cambria Math" w:hAnsi="Cambria Math"/></w:rPr><m:t>x</m:t></m:r></m:e></m:d><m:r><w:rPr><w:rFonts w:ascii="Cambria Math" w:hAnsi="Cambria Math"/></w:rPr><m:t>=1+x</m:t></m:r></m:oMath></w:p><w:p w14:paraId="4E4316A7" w14:textId="7EC8E433" w:rsidR="00B11E81" w:rsidRPr="00AE77E4" w:rsidRDefault="00B11E81"><w:pPr><w:rPr><w:rFonts w:eastAsiaTheme="minorEastAsia"/></w:rPr></w:pPr><w:r><w:rPr><w:noProof/></w:rPr><w:drawing><wp:inline distT="0" distB="0" distL="0" distR="0" wp14:anchorId="7BE76911" wp14:editId="77B6AAC8"><wp:extent cx="4622800" cy="592500"/><wp:effectExtent l="19050" t="19050" r="25400" b="17145"/><wp:docPr id="2111991843" name="Picture 1" descr="A black text on a white background&#xA;&#xA;AI-generated content may be incorrect."/><wp:cNvGraphicFramePr><a:graphicFrameLocks xmlns:a="http://schemas.openxmlformats.org/drawingml/2006/main" noChangeAspect="1"/></wp:cNvGraphicFramePr><a:graphic xmlns:a="http://schemas.openxmlformats.org/drawingml/2006/main"><a:graphicData uri="http://schemas.openxmlformats.org/drawingml/2006/picture"><pic:pic xmlns:pic="http://schemas.openxmlformats.org/drawingml/2006/picture"><pic:nvPicPr><pic:cNvPr id="69497463" name="Picture 1" descr="A black text on a white background&#xA;&#xA;AI-generated content may be incorrect."/><pic:cNvPicPr/></pic:nvPicPr><pic:blipFill><a:blip r:embed="rId4"/><a:stretch><a:fillRect/></a:stretch></pic:blipFill><pic:spPr><a:xfrm><a:off x="0" y="0"/><a:ext cx="4625984" cy="592908"/></a:xfrm><a:prstGeom prst="rect"><a:avLst/></a:prstGeom><a:ln><a:solidFill><a:schemeClr val="accent2"/></a:solidFill></a:ln></pic:spPr></pic:pic></a:graphicData></a:graphic></wp:inline></w:drawing></w:r></w:p><w:p w14:paraId="5ADE42C2" w14:textId="77777777" w:rsidR="00AE77E4" w:rsidRPr="00AE77E4" w:rsidRDefault="00AE77E4" w:rsidP="00AE77E4"><w:pPr><w:rPr><w:rFonts w:eastAsiaTheme="minorEastAsia"/><w:lang w:val="fr-FR"/></w:rPr></w:pPr><w:r w:rsidRPr="00AE77E4"><w:rPr><w:rFonts w:eastAsiaTheme="minorEastAsia"/><w:lang w:val="fr-FR"/></w:rPr><w:t>A. 1</w:t></w:r><w:r w:rsidRPr="00AE77E4"><w:rPr><w:rFonts w:eastAsiaTheme="minorEastAsia"/><w:lang w:val="fr-FR"/></w:rPr><w:tab/><w:t>B. 2</w:t></w:r><w:r><w:rPr><w:rFonts w:eastAsiaTheme="minorEastAsia"/><w:lang w:val="fr-FR"/></w:rPr><w:tab/><w:t>C. 3</w:t></w:r><w:r><w:rPr><w:rFonts w:eastAsiaTheme="minorEastAsia"/><w:lang w:val="fr-FR"/></w:rPr><w:tab/><w:t>D.4</w:t></w:r></w:p><w:p w14:paraId="0E2B053C" w14:textId="77777777" w:rsidR="00AE77E4" w:rsidRPr="00AE77E4" w:rsidRDefault="00AE77E4"><w:pPr><w:rPr><w:rFonts w:eastAsiaTheme="minorEastAsia"/></w:rPr></w:pPr></w:p><w:sectPr w:rsidR="00AE77E4" w:rsidRPr="00AE77E4" w:rsidSect="00264D19"><w:pgSz w:w="11906" w:h="16838"/><w:pgMar w:top="1440" w:right="1440" w:bottom="1440" w:left="1440" w:header="708" w:footer="708" w:gutter="0"/><w:cols w:space="708"/><w:docGrid w:linePitch="360"/></w:sectPr></w:body></w:document>