<?xml version="1.0" encoding="UTF-8" standalone="yes"?>
<w:document xmlns:wpc="http://schemas.microsoft.com/office/word/2010/wordprocessingCanvas" xmlns:cx="http://schemas.microsoft.com/office/drawing/2014/chartex" xmlns:cx1="http://schemas.microsoft.com/office/drawing/2015/9/8/chartex" xmlns:cx2="http://schemas.microsoft.com/office/drawing/2015/10/21/chartex" xmlns:cx3="http://schemas.microsoft.com/office/drawing/2016/5/9/chartex" xmlns:cx4="http://schemas.microsoft.com/office/drawing/2016/5/10/chartex" xmlns:cx5="http://schemas.microsoft.com/office/drawing/2016/5/11/chartex" xmlns:cx6="http://schemas.microsoft.com/office/drawing/2016/5/12/chartex" xmlns:cx7="http://schemas.microsoft.com/office/drawing/2016/5/13/chartex" xmlns:cx8="http://schemas.microsoft.com/office/drawing/2016/5/14/chartex" xmlns:mc="http://schemas.openxmlformats.org/markup-compatibility/2006" xmlns:aink="http://schemas.microsoft.com/office/drawing/2016/ink" xmlns:am3d="http://schemas.microsoft.com/office/drawing/2017/model3d" xmlns:o="urn:schemas-microsoft-com:office:office" xmlns:oel="http://schemas.microsoft.com/office/2019/extlst" xmlns:r="http://schemas.openxmlformats.org/officeDocument/2006/relationships" xmlns:m="http://schemas.openxmlformats.org/officeDocument/2006/math" xmlns:v="urn:schemas-microsoft-com:vml" xmlns:wp14="http://schemas.microsoft.com/office/word/2010/wordprocessingDrawing" xmlns:wp="http://schemas.openxmlformats.org/drawingml/2006/wordprocessingDrawing" xmlns:w10="urn:schemas-microsoft-com:office:word" xmlns:w="http://schemas.openxmlformats.org/wordprocessingml/2006/main" xmlns:w14="http://schemas.microsoft.com/office/word/2010/wordml" xmlns:w15="http://schemas.microsoft.com/office/word/2012/wordml" xmlns:w16cex="http://schemas.microsoft.com/office/word/2018/wordml/cex" xmlns:w16cid="http://schemas.microsoft.com/office/word/2016/wordml/cid" xmlns:w16="http://schemas.microsoft.com/office/word/2018/wordml" xmlns:w16du="http://schemas.microsoft.com/office/word/2023/wordml/word16du" xmlns:w16sdtdh="http://schemas.microsoft.com/office/word/2020/wordml/sdtdatahash" xmlns:w16sdtfl="http://schemas.microsoft.com/office/word/2024/wordml/sdtformatlock" xmlns:w16se="http://schemas.microsoft.com/office/word/2015/wordml/symex" xmlns:wpg="http://schemas.microsoft.com/office/word/2010/wordprocessingGroup" xmlns:wpi="http://schemas.microsoft.com/office/word/2010/wordprocessingInk" xmlns:wne="http://schemas.microsoft.com/office/word/2006/wordml" xmlns:wps="http://schemas.microsoft.com/office/word/2010/wordprocessingShape" mc:Ignorable="w14 w15 w16se w16cid w16 w16cex w16sdtdh w16sdtfl w16du wp14"><w:body><w:p w14:paraId="4FB0E89C" w14:textId="77777777" w:rsidR="00CF6155" w:rsidRDefault="00CF6155" w:rsidP="00CF6155"><w:pPr><w:pStyle w:val="Normal1"/></w:pPr><w:r><w:rPr><w:b/></w:rPr><w:t xml:space="preserve">Câu 1: </w:t></w:r><w:r><w:t>Cho đoạn chương trình sau:</w:t></w:r></w:p><w:p w14:paraId="50D89385" w14:textId="77777777" w:rsidR="00CF6155" w:rsidRDefault="00CF6155" w:rsidP="00CF6155"><w:pPr><w:pStyle w:val="Normal2"/><w:jc w:val="center"/></w:pPr><w:r><w:rPr><w:noProof/></w:rPr><w:drawing><wp:inline distT="0" distB="0" distL="0" distR="0" wp14:anchorId="52E1C5D5" wp14:editId="0BA40A56"><wp:extent cx="2103948" cy="1051974"/><wp:effectExtent l="19050" t="19050" r="10795" b="15240"/><wp:docPr id="900025487" name="Picture 1" descr="A math equations on a white background&#xA;&#xA;AI-generated content may be incorrect."/><wp:cNvGraphicFramePr><a:graphicFrameLocks xmlns:a="http://schemas.openxmlformats.org/drawingml/2006/main" noChangeAspect="1"/></wp:cNvGraphicFramePr><a:graphic xmlns:a="http://schemas.openxmlformats.org/drawingml/2006/main"><a:graphicData uri="http://schemas.openxmlformats.org/drawingml/2006/picture"><pic:pic xmlns:pic="http://schemas.openxmlformats.org/drawingml/2006/picture"><pic:nvPicPr><pic:cNvPr id="900025487" name="Picture 1" descr="A math equations on a white background&#xA;&#xA;AI-generated content may be incorrect."/><pic:cNvPicPr/></pic:nvPicPr><pic:blipFill><a:blip r:embed="rId4"/><a:stretch><a:fillRect/></a:stretch></pic:blipFill><pic:spPr><a:xfrm><a:off x="0" y="0"/><a:ext cx="2111937" cy="1055969"/></a:xfrm><a:prstGeom prst="rect"><a:avLst/></a:prstGeom><a:ln><a:solidFill><a:schemeClr val="accent1"/></a:solidFill></a:ln></pic:spPr></pic:pic></a:graphicData></a:graphic></wp:inline></w:drawing></w:r></w:p><w:p w14:paraId="1FA046E9" w14:textId="77777777" w:rsidR="00CF6155" w:rsidRDefault="00CF6155" w:rsidP="00CF6155"><w:pPr><w:pStyle w:val="Normal3"/><w:jc w:val="center"/></w:pPr><w:r><w:t>và chương trình chính</w:t></w:r></w:p><w:p w14:paraId="62CD1A34" w14:textId="77777777" w:rsidR="00CF6155" w:rsidRDefault="00CF6155" w:rsidP="00CF6155"><w:pPr><w:pStyle w:val="Normal4"/><w:jc w:val="center"/></w:pPr><w:r><w:rPr><w:noProof/></w:rPr><w:drawing><wp:inline distT="0" distB="0" distL="0" distR="0" wp14:anchorId="5C11F69A" wp14:editId="2F2D32BA"><wp:extent cx="1980347" cy="1165707"/><wp:effectExtent l="19050" t="19050" r="20320" b="15875"/><wp:docPr id="1741082864" name="Picture 1" descr="A white background with black and blue text&#xA;&#xA;AI-generated content may be incorrect."/><wp:cNvGraphicFramePr><a:graphicFrameLocks xmlns:a="http://schemas.openxmlformats.org/drawingml/2006/main" noChangeAspect="1"/></wp:cNvGraphicFramePr><a:graphic xmlns:a="http://schemas.openxmlformats.org/drawingml/2006/main"><a:graphicData uri="http://schemas.openxmlformats.org/drawingml/2006/picture"><pic:pic xmlns:pic="http://schemas.openxmlformats.org/drawingml/2006/picture"><pic:nvPicPr><pic:cNvPr id="1741082864" name="Picture 1" descr="A white background with black and blue text&#xA;&#xA;AI-generated content may be incorrect."/><pic:cNvPicPr/></pic:nvPicPr><pic:blipFill><a:blip r:embed="rId5"/><a:srcRect l="1318"/><a:stretch><a:fillRect/></a:stretch></pic:blipFill><pic:spPr bwMode="auto"><a:xfrm><a:off x="0" y="0"/><a:ext cx="1991625" cy="1172346"/></a:xfrm><a:prstGeom prst="rect"><a:avLst/></a:prstGeom><a:ln><a:solidFill><a:schemeClr val="accent1"/></a:solidFill></a:ln><a:extLst><a:ext uri="{53640926-AAD7-44D8-BBD7-CCE9431645EC}"><a14:shadowObscured xmlns:a14="http://schemas.microsoft.com/office/drawing/2010/main"/></a:ext></a:extLst></pic:spPr></pic:pic></a:graphicData></a:graphic></wp:inline></w:drawing></w:r></w:p><w:p w14:paraId="71733A9E" w14:textId="77777777" w:rsidR="00CF6155" w:rsidRPr="00DA1A5F" w:rsidRDefault="00CF6155" w:rsidP="00CF6155"><w:pPr><w:pStyle w:val="Normal5"/></w:pPr><w:r w:rsidRPr="00DA1A5F"><w:t>Hãy kết quả hiển th</w:t></w:r><w:r><w:t>ị đúng.</w:t></w:r></w:p><w:p w14:paraId="6C9CB7A8" w14:textId="31AB2EED" w:rsidR="00CF6155" w:rsidRDefault="00CF6155" w:rsidP="00CF6155"><w:pPr><w:pStyle w:val="Normal6"/><w:tabs><w:tab w:val="left" w:pos="2500"/><w:tab w:val="left" w:pos="5000"/><w:tab w:val="left" w:pos="7500"/></w:tabs></w:pPr><w:r><w:rPr><w:b/></w:rPr><w:t xml:space="preserve">A. </w:t></w:r><w:r><w:t>1</w:t></w:r><w:r w:rsidR="009E4540"><w:tab/></w:r><w:r><w:rPr><w:b/></w:rPr><w:t xml:space="preserve">B. </w:t></w:r><w:r><w:t>5</w:t></w:r><w:r w:rsidR="009E4540"><w:tab/></w:r><w:r><w:rPr><w:b/></w:rPr><w:t xml:space="preserve">C. </w:t></w:r><w:r><w:t>2</w:t></w:r><w:r w:rsidR="009E4540"><w:tab/></w:r><w:r><w:rPr><w:b/></w:rPr><w:t xml:space="preserve">D. </w:t></w:r><w:r><w:t>3</w:t></w:r></w:p><w:p w14:paraId="533E9666" w14:textId="77777777" w:rsidR="00CF6155" w:rsidRDefault="00CF6155" w:rsidP="00CF6155"><w:pPr><w:pStyle w:val="Normal7"/></w:pPr><w:r><w:rPr><w:b/></w:rPr><w:t xml:space="preserve">Câu 2: </w:t></w:r><w:r><w:t>Cho câu lệnh sau:</w:t></w:r></w:p><w:p w14:paraId="231CB653" w14:textId="77777777" w:rsidR="00CF6155" w:rsidRDefault="00CF6155" w:rsidP="00CF6155"><w:pPr><w:pStyle w:val="Normal8"/><w:jc w:val="center"/></w:pPr><w:r><w:rPr><w:noProof/></w:rPr><w:drawing><wp:inline distT="0" distB="0" distL="0" distR="0" wp14:anchorId="63E766A3" wp14:editId="73FFC6DC"><wp:extent cx="997681" cy="251052"/><wp:effectExtent l="19050" t="19050" r="12065" b="15875"/><wp:docPr id="907928377" name="Picture 1" descr="A close up of text&#xA;&#xA;AI-generated content may be incorrect."/><wp:cNvGraphicFramePr><a:graphicFrameLocks xmlns:a="http://schemas.openxmlformats.org/drawingml/2006/main" noChangeAspect="1"/></wp:cNvGraphicFramePr><a:graphic xmlns:a="http://schemas.openxmlformats.org/drawingml/2006/main"><a:graphicData uri="http://schemas.openxmlformats.org/drawingml/2006/picture"><pic:pic xmlns:pic="http://schemas.openxmlformats.org/drawingml/2006/picture"><pic:nvPicPr><pic:cNvPr id="907928377" name="Picture 1" descr="A close up of text&#xA;&#xA;AI-generated content may be incorrect."/><pic:cNvPicPr/></pic:nvPicPr><pic:blipFill><a:blip r:embed="rId6"/><a:srcRect t="41602"/><a:stretch><a:fillRect/></a:stretch></pic:blipFill><pic:spPr bwMode="auto"><a:xfrm><a:off x="0" y="0"/><a:ext cx="1004655" cy="252807"/></a:xfrm><a:prstGeom prst="rect"><a:avLst/></a:prstGeom><a:ln w="9525"><a:solidFill><a:srgbClr val="4472C4"/></a:solidFill><a:round/><a:headEnd/><a:tailEnd/></a:ln><a:extLst><a:ext uri="{53640926-AAD7-44D8-BBD7-CCE9431645EC}"><a14:shadowObscured xmlns:a14="http://schemas.microsoft.com/office/drawing/2010/main"/></a:ext></a:extLst></pic:spPr></pic:pic></a:graphicData></a:graphic></wp:inline></w:drawing></w:r></w:p><w:p w14:paraId="1F8B5DE1" w14:textId="77777777" w:rsidR="00CF6155" w:rsidRPr="00A1340F" w:rsidRDefault="00CF6155" w:rsidP="00CF6155"><w:pPr><w:pStyle w:val="Normal9"/></w:pPr><w:r><w:t>Hãy chọn giá trị hàm thời gian T(n)?</w:t></w:r></w:p><w:p w14:paraId="409D3E68" w14:textId="1C6AFD6D" w:rsidR="00CF6155" w:rsidRPr="003B25BF" w:rsidRDefault="00CF6155" w:rsidP="00CF6155"><w:pPr><w:pStyle w:val="Normal10"/><w:tabs><w:tab w:val="left" w:pos="2500"/><w:tab w:val="left" w:pos="5000"/><w:tab w:val="left" w:pos="7500"/></w:tabs><w:rPr><w:lang w:val="fr-FR"/></w:rPr></w:pPr><w:r w:rsidRPr="003B25BF"><w:rPr><w:b/><w:lang w:val="fr-FR"/></w:rPr><w:t xml:space="preserve">A. </w:t></w:r><w:r w:rsidRPr="003B25BF"><w:rPr><w:lang w:val="fr-FR"/></w:rPr><w:t>T(n) = 2</w:t></w:r><w:r w:rsidR="006125EC"><w:rPr><w:lang w:val="fr-FR"/></w:rPr><w:tab/></w:r><w:r w:rsidRPr="003B25BF"><w:rPr><w:b/><w:lang w:val="fr-FR"/></w:rPr><w:t xml:space="preserve">B. </w:t></w:r><w:r w:rsidRPr="003B25BF"><w:rPr><w:lang w:val="fr-FR"/></w:rPr><w:t>T(n) = n</w:t></w:r><w:r w:rsidR="006125EC"><w:rPr><w:lang w:val="fr-FR"/></w:rPr><w:tab/></w:r><w:r w:rsidRPr="003B25BF"><w:rPr><w:b/><w:lang w:val="fr-FR"/></w:rPr><w:t xml:space="preserve">C. </w:t></w:r><w:r w:rsidRPr="003B25BF"><w:rPr><w:lang w:val="fr-FR"/></w:rPr><w:t>T(n) = 2n</w:t></w:r><w:r w:rsidR="006125EC"><w:rPr><w:lang w:val="fr-FR"/></w:rPr><w:tab/></w:r><w:r w:rsidRPr="003B25BF"><w:rPr><w:b/><w:lang w:val="fr-FR"/></w:rPr><w:t xml:space="preserve">D. </w:t></w:r><w:r w:rsidRPr="003B25BF"><w:rPr><w:lang w:val="fr-FR"/></w:rPr><w:t>T(n) = 1</w:t></w:r></w:p><w:p w14:paraId="6B6FE210" w14:textId="045419B5" w:rsidR="00CF6155" w:rsidRPr="003B25BF" w:rsidRDefault="00CF6155" w:rsidP="00CF6155"><w:pPr><w:pStyle w:val="Normal11"/><w:rPr><w:lang w:val="fr-FR"/></w:rPr></w:pPr><w:r w:rsidRPr="003B25BF"><w:rPr><w:b/><w:lang w:val="fr-FR"/></w:rPr><w:t xml:space="preserve">Câu 3: </w:t></w:r><w:r w:rsidRPr="003B25BF"><w:rPr><w:lang w:val="fr-FR"/></w:rPr><w:t xml:space="preserve">Cho hàm thời gian </w:t></w:r><m:oMath><m:r><w:rPr><w:rFonts w:ascii="Cambria Math" w:hAnsi="Cambria Math"/><w:lang w:val="fr-FR"/></w:rPr><m:t>T(n) = 2</m:t></m:r><m:sSup><m:sSupPr><m:ctrlPr><w:rPr><w:rFonts w:ascii="Cambria Math" w:hAnsi="Cambria Math"/><w:i/><w:lang w:val="fr-FR"/></w:rPr></m:ctrlPr></m:sSupPr><m:e><m:r><w:rPr><w:rFonts w:ascii="Cambria Math" w:hAnsi="Cambria Math"/><w:lang w:val="fr-FR"/></w:rPr><m:t>n</m:t></m:r></m:e><m:sup><m:r><w:rPr><w:rFonts w:ascii="Cambria Math" w:hAnsi="Cambria Math"/><w:lang w:val="fr-FR"/></w:rPr><m:t>2</m:t></m:r></m:sup></m:sSup><m:r><w:rPr><w:rFonts w:ascii="Cambria Math" w:hAnsi="Cambria Math"/><w:lang w:val="fr-FR"/></w:rPr><m:t>+2</m:t></m:r></m:oMath><w:r w:rsidRPr="003B25BF"><w:rPr><w:lang w:val="fr-FR"/></w:rPr><w:t>, hãy xác định độ phức tạp của hàm trên.</w:t></w:r></w:p><w:p w14:paraId="3E406830" w14:textId="51B90343" w:rsidR="00CF6155" w:rsidRPr="00A66FD6" w:rsidRDefault="00CF6155" w:rsidP="00CF6155"><w:pPr><w:pStyle w:val="Normal12"/><w:tabs><w:tab w:val="left" w:pos="2500"/><w:tab w:val="left" w:pos="5000"/><w:tab w:val="left" w:pos="7500"/></w:tabs></w:pPr><w:r><w:rPr><w:b/></w:rPr><w:t xml:space="preserve">A. </w:t></w:r><w:r><w:t>O(1).</w:t></w:r><w:r w:rsidR="006125EC"><w:t xml:space="preserve"> </w:t></w:r><w:r w:rsidR="006125EC"><w:tab/></w:r><w:r><w:rPr><w:b/></w:rPr><w:t xml:space="preserve">B. </w:t></w:r><w:r><w:t>O(n</w:t></w:r><w:r><w:rPr><w:vertAlign w:val="superscript"/></w:rPr><w:t>2</w:t></w:r><w:r><w:t>).</w:t></w:r><w:r w:rsidR="006125EC"><w:tab/></w:r><w:r><w:rPr><w:b/></w:rPr><w:t xml:space="preserve">C. </w:t></w:r><w:r><w:t>O(2n).</w:t></w:r><w:r w:rsidR="006125EC"><w:tab/></w:r><w:r><w:rPr><w:b/></w:rPr><w:t xml:space="preserve">D. </w:t></w:r><w:r><w:t>O(n</w:t></w:r><w:r><w:rPr><w:vertAlign w:val="superscript"/></w:rPr><w:t>2</w:t></w:r><w:r><w:t>).</w:t></w:r></w:p><w:p w14:paraId="0EE8F0A4" w14:textId="0127B9C5" w:rsidR="00F32107" w:rsidRPr="00940416" w:rsidRDefault="00CF6155" w:rsidP="00F32107"><w:pPr><w:pStyle w:val="Normal16"/><w:tabs><w:tab w:val="left" w:pos="2500"/><w:tab w:val="left" w:pos="5000"/><w:tab w:val="left" w:pos="7500"/></w:tabs></w:pPr><w:r><w:rPr><w:b/></w:rPr><w:t xml:space="preserve">Câu 4: </w:t></w:r><w:r><w:t>Cho đoạn chương trình sau:</w:t></w:r><w:r w:rsidR="00F32107"><w:t xml:space="preserve"> </w:t></w:r></w:p><w:p w14:paraId="47E9D453" w14:textId="19646D8A" w:rsidR="00CF6155" w:rsidRDefault="00CF6155" w:rsidP="00CF6155"><w:pPr><w:pStyle w:val="Normal13"/></w:pPr></w:p><w:p w14:paraId="70835AA7" w14:textId="77777777" w:rsidR="00CF6155" w:rsidRDefault="00CF6155" w:rsidP="00CF6155"><w:pPr><w:pStyle w:val="Normal14"/><w:jc w:val="center"/></w:pPr><w:r><w:rPr><w:noProof/></w:rPr><w:drawing><wp:inline distT="0" distB="0" distL="0" distR="0" wp14:anchorId="63D2ACB8" wp14:editId="367CD617"><wp:extent cx="2215192" cy="1044902"/><wp:effectExtent l="19050" t="19050" r="13970" b="22225"/><wp:docPr id="595343235" name="Picture 1" descr="A math equations on a white background&#xA;&#xA;AI-generated content may be incorrect."/><wp:cNvGraphicFramePr><a:graphicFrameLocks xmlns:a="http://schemas.openxmlformats.org/drawingml/2006/main" noChangeAspect="1"/></wp:cNvGraphicFramePr><a:graphic xmlns:a="http://schemas.openxmlformats.org/drawingml/2006/main"><a:graphicData uri="http://schemas.openxmlformats.org/drawingml/2006/picture"><pic:pic xmlns:pic="http://schemas.openxmlformats.org/drawingml/2006/picture"><pic:nvPicPr><pic:cNvPr id="595343235" name="Picture 1" descr="A math equations on a white background&#xA;&#xA;AI-generated content may be incorrect."/><pic:cNvPicPr/></pic:nvPicPr><pic:blipFill><a:blip r:embed="rId7"/><a:stretch><a:fillRect/></a:stretch></pic:blipFill><pic:spPr><a:xfrm><a:off x="0" y="0"/><a:ext cx="2225146" cy="1049597"/></a:xfrm><a:prstGeom prst="rect"><a:avLst/></a:prstGeom><a:ln><a:solidFill><a:schemeClr val="accent1"/></a:solidFill></a:ln></pic:spPr></pic:pic></a:graphicData></a:graphic></wp:inline></w:drawing></w:r></w:p><w:p w14:paraId="7A39A516" w14:textId="77777777" w:rsidR="00CF6155" w:rsidRPr="00A66FD6" w:rsidRDefault="00CF6155" w:rsidP="00CF6155"><w:pPr><w:pStyle w:val="Normal15"/></w:pPr><w:r><w:t>Hãy chọn hàm thời gian đúng của chương trình trên.</w:t></w:r></w:p><w:p w14:paraId="107F36E7" w14:textId="3B248C47" w:rsidR="00CF6155" w:rsidRDefault="00CF6155" w:rsidP="00CF6155"><w:pPr><w:pStyle w:val="Normal16"/><w:tabs><w:tab w:val="left" w:pos="2500"/><w:tab w:val="left" w:pos="5000"/><w:tab w:val="left" w:pos="7500"/></w:tabs><w:rPr><w:lang w:val="fr-FR"/></w:rPr></w:pPr><w:r w:rsidRPr="003B25BF"><w:rPr><w:b/><w:lang w:val="fr-FR"/></w:rPr><w:t xml:space="preserve">A. </w:t></w:r><w:r w:rsidRPr="003B25BF"><w:rPr><w:lang w:val="fr-FR"/></w:rPr><w:t>T(n) = 2n+1.</w:t></w:r><w:r w:rsidR="006125EC"><w:rPr><w:lang w:val="fr-FR"/></w:rPr><w:tab/></w:r><w:r w:rsidRPr="003B25BF"><w:rPr><w:b/><w:lang w:val="fr-FR"/></w:rPr><w:t xml:space="preserve">B. </w:t></w:r><w:r w:rsidRPr="003B25BF"><w:rPr><w:lang w:val="fr-FR"/></w:rPr><w:t>T(n) = n+2.</w:t></w:r><w:r w:rsidR="006125EC"><w:rPr><w:lang w:val="fr-FR"/></w:rPr><w:tab/></w:r><w:r w:rsidRPr="003B25BF"><w:rPr><w:b/><w:lang w:val="fr-FR"/></w:rPr><w:t xml:space="preserve">C. </w:t></w:r><w:r w:rsidRPr="003B25BF"><w:rPr><w:lang w:val="fr-FR"/></w:rPr><w:t>T(n) = 2n</w:t></w:r><w:r w:rsidRPr="003B25BF"><w:rPr><w:vertAlign w:val="superscript"/><w:lang w:val="fr-FR"/></w:rPr><w:t>2</w:t></w:r><w:r w:rsidRPr="003B25BF"><w:rPr><w:lang w:val="fr-FR"/></w:rPr><w:t>+2.</w:t></w:r><w:r w:rsidR="006125EC"><w:rPr><w:lang w:val="fr-FR"/></w:rPr><w:tab/></w:r><w:r w:rsidRPr="003B25BF"><w:rPr><w:b/><w:lang w:val="fr-FR"/></w:rPr><w:t xml:space="preserve">D. </w:t></w:r><w:r w:rsidRPr="003B25BF"><w:rPr><w:lang w:val="fr-FR"/></w:rPr><w:t>T(n) = 2n+2.</w:t></w:r></w:p><w:p w14:paraId="412323DC" w14:textId="23D1D4A3" w:rsidR="00385FEA" w:rsidRDefault="00992447"><w:pPr><w:rPr><w:rFonts w:eastAsiaTheme="minorEastAsia"/><w:lang w:val="fr-FR"/></w:rPr></w:pPr><w:r w:rsidRPr="00992447"><w:rPr><w:lang w:val="fr-FR"/></w:rPr><w:t xml:space="preserve">Câu 5: </w:t></w:r><w:r><w:rPr><w:lang w:val="fr-FR"/></w:rPr><w:t xml:space="preserve">Hãy chọn kết quả của tích phân sau: </w:t></w:r><m:oMath><m:sSup><m:sSupPr><m:ctrlPr><w:rPr><w:rFonts w:ascii="Cambria Math" w:hAnsi="Cambria Math"/><w:lang w:val="fr-FR"/></w:rPr></m:ctrlPr></m:sSupPr><m:e><m:r><w:rPr><w:rFonts w:ascii="Cambria Math" w:hAnsi="Cambria Math"/><w:lang w:val="fr-FR"/></w:rPr><m:t>a+x</m:t></m:r></m:e><m:sup><m:r><w:rPr><w:rFonts w:ascii="Cambria Math" w:hAnsi="Cambria Math"/><w:lang w:val="fr-FR"/></w:rPr><m:t>n</m:t></m:r></m:sup></m:sSup><m:r><w:rPr><w:rFonts w:ascii="Cambria Math" w:eastAsia="Cambria Math" w:hAnsi="Cambria Math" w:cs="Cambria Math"/><w:lang w:val="fr-FR"/></w:rPr><m:t>=</m:t></m:r><m:nary><m:naryPr><m:chr m:val="∑"/><m:grow m:val="1"/><m:ctrlPr><w:rPr><w:rFonts w:ascii="Cambria Math" w:hAnsi="Cambria Math"/><w:lang w:val="fr-FR"/></w:rPr></m:ctrlPr></m:naryPr><m:sub><m:r><w:rPr><w:rFonts w:ascii="Cambria Math" w:eastAsia="Cambria Math" w:hAnsi="Cambria Math" w:cs="Cambria Math"/><w:lang w:val="fr-FR"/></w:rPr><m:t>k=0</m:t></m:r></m:sub><m:sup><m:r><w:rPr><w:rFonts w:ascii="Cambria Math" w:eastAsia="Cambria Math" w:hAnsi="Cambria Math" w:cs="Cambria Math"/><w:lang w:val="fr-FR"/></w:rPr><m:t>n</m:t></m:r></m:sup><m:e><m:d><m:dPr><m:ctrlPr><w:rPr><w:rFonts w:ascii="Cambria Math" w:hAnsi="Cambria Math"/><w:lang w:val="fr-FR"/></w:rPr></m:ctrlPr></m:dPr><m:e><m:f><m:fPr><m:type m:val="noBar"/><m:ctrlPr><w:rPr><w:rFonts w:ascii="Cambria Math" w:hAnsi="Cambria Math"/><w:lang w:val="fr-FR"/></w:rPr></m:ctrlPr></m:fPr><m:num><m:r><w:rPr><w:rFonts w:ascii="Cambria Math" w:eastAsia="Cambria Math" w:hAnsi="Cambria Math" w:cs="Cambria Math"/><w:lang w:val="fr-FR"/></w:rPr><m:t>n</m:t></m:r></m:num><m:den><m:r><w:rPr><w:rFonts w:ascii="Cambria Math" w:eastAsia="Cambria Math" w:hAnsi="Cambria Math" w:cs="Cambria Math"/><w:lang w:val="fr-FR"/></w:rPr><m:t>k</m:t></m:r></m:den></m:f></m:e></m:d><m:sSup><m:sSupPr><m:ctrlPr><w:rPr><w:rFonts w:ascii="Cambria Math" w:hAnsi="Cambria Math"/><w:lang w:val="fr-FR"/></w:rPr></m:ctrlPr></m:sSupPr><m:e><m:r><w:rPr><w:rFonts w:ascii="Cambria Math" w:eastAsia="Cambria Math" w:hAnsi="Cambria Math" w:cs="Cambria Math"/><w:lang w:val="fr-FR"/></w:rPr><m:t>x</m:t></m:r></m:e><m:sup><m:r><w:rPr><w:rFonts w:ascii="Cambria Math" w:eastAsia="Cambria Math" w:hAnsi="Cambria Math" w:cs="Cambria Math"/><w:lang w:val="fr-FR"/></w:rPr><m:t>k</m:t></m:r></m:sup></m:sSup><m:sSup><m:sSupPr><m:ctrlPr><w:rPr><w:rFonts w:ascii="Cambria Math" w:hAnsi="Cambria Math"/><w:lang w:val="fr-FR"/></w:rPr></m:ctrlPr></m:sSupPr><m:e><m:r><w:rPr><w:rFonts w:ascii="Cambria Math" w:eastAsia="Cambria Math" w:hAnsi="Cambria Math" w:cs="Cambria Math"/><w:lang w:val="fr-FR"/></w:rPr><m:t>a</m:t></m:r></m:e><m:sup><m:r><w:rPr><w:rFonts w:ascii="Cambria Math" w:eastAsia="Cambria Math" w:hAnsi="Cambria Math" w:cs="Cambria Math"/><w:lang w:val="fr-FR"/></w:rPr><m:t>n-k</m:t></m:r></m:sup></m:sSup></m:e></m:nary></m:oMath></w:p><w:p w14:paraId="1DD5F49C" w14:textId="36495876" w:rsidR="00A64AE2" w:rsidRPr="00992447" w:rsidRDefault="00A64AE2"><w:pPr><w:rPr><w:lang w:val="fr-FR"/></w:rPr></w:pPr><w:r><w:rPr><w:rFonts w:eastAsiaTheme="minorEastAsia"/><w:lang w:val="fr-FR"/></w:rPr><w:t>A. 1</w:t></w:r><w:r><w:rPr><w:rFonts w:eastAsiaTheme="minorEastAsia"/><w:lang w:val="fr-FR"/></w:rPr><w:tab/><w:t>B. 2</w:t></w:r><w:r><w:rPr><w:rFonts w:eastAsiaTheme="minorEastAsia"/><w:lang w:val="fr-FR"/></w:rPr><w:tab/><w:t>C. 3</w:t></w:r><w:r><w:rPr><w:rFonts w:eastAsiaTheme="minorEastAsia"/><w:lang w:val="fr-FR"/></w:rPr><w:tab/><w:t>D. 5</w:t></w:r></w:p><w:sectPr w:rsidR="00A64AE2" w:rsidRPr="00992447"><w:pgSz w:w="12240" w:h="15840"/><w:pgMar w:top="1440" w:right="1440" w:bottom="1440" w:left="1440" w:header="720" w:footer="720" w:gutter="0"/><w:cols w:space="720"/><w:docGrid w:linePitch="360"/></w:sectPr></w:body></w:document>